reviewerID,itemID,overall,fine_feature,coarse_feature
A22V1MD93T2FW9,B00006L9LC,5,[0. 0. 0. 0. 0. 0. 0. 0. 0. 5.],0.49687489346949837
AIWVB6601DJOO,B00006L9LC,4,[0.875 1.75  0.875 1.75  1.75  0.875 1.75  1.75  0.875 1.75 ],0.4968749401095502
A1D3RMFWUWRASV,B00006L9LC,5,[0.    0.    1.125 0.    0.    0.    0.    0.    0.    0.   ],0.5
A2O23K583MS6RI,B00006L9LC,5,[ 0.   0.   0.   0.   0.   0.   0.   0.   0.  -4.5],0.49687507488676214
AGXW8BFME8048,B00006L9LC,5,[0.    0.    4.875 0.    0.    0.    0.    0.    0.    0.   ],0.5
A35TPYOPNIDM7,B00006L9LC,5,[0. 0. 5. 0. 0. 0. 0. 0. 0. 0.],0.5
A2XFY9IT8UVY9E,B00006L9LC,5,[0.   0.25 0.   0.   0.   0.   0.   0.   0.   0.  ],0.5
A1VOA3CU9XRDDS,B00006L9LC,5,[0. 0. 0. 5. 0. 0. 0. 0. 0. 0.],0.4968749812544813
AWXM25EMPKYKW,B00006L9LC,5,[0.    0.    2.5   0.    0.    3.5   0.    0.    0.    3.375],0.4968749261589806
A2813CU4C11BIE,B00006L9LC,5,[0. 0. 0. 0. 0. 5. 0. 0. 0. 0.],0.5
A153D6FAV4L389,B00006L9LC,5,[5. 5. 5. 5. 5. 5. 5. 5. 5. 5.],0.49687497076808196
AAP5XCA30G532,B00006L9LC,5,[0. 0. 0. 0. 5. 5. 0. 0. 0. 0.],0.5
A1UMO57A3IQGT7,B00006L9LC,5,[ 0.5    0.125 -0.125  0.125  0.125 -0.125 -0.125  0.125  0.125  0.125],0.5062499228245831
A1E9D6RGEDFT2O,B00006L9LC,4,[0.    0.    4.125 0.    0.    0.    0.    3.375 0.    3.625],0.496874978330726
AH89QE41D1PRP,B00006L9LC,5,[0.    0.    0.    0.    0.    0.    0.    0.    0.    4.125],0.5
A1BRNOD64VZ1GP,B00006L9LC,5,[0. 0. 0. 0. 0. 0. 0. 5. 0. 0.],0.49687497713816553
A2CA0MJP6O4ZZL,B00006L9LC,5,[1.25 1.25 1.25 1.25 1.25 1.25 1.25 1.25 1.25 1.25],0.49687500049517197
A2CY3ZL67BZKEU,B00006L9LC,5,[0.625 0.625 1.5   1.5   0.625 2.375 2.375 2.375 1.5   2.375],0.4937504314699027
A11L1TI883AOSV,B00006L9LC,5,[0. 0. 0. 0. 0. 0. 0. 0. 0. 3.],0.5
A3RQS9GT66TEB8,B00006L9LC,5,[ 0.     0.     0.     0.     0.     0.     0.     0.     0.    -3.125],0.5093762659368051
A3INQL95YAY6OW,B00006L9LC,5,[1. 1. 1. 1. 1. 1. 3. 1. 2. 1.],0.49687500811481033
ASWLL1VJA7WOG,B00006L9LC,5,[0.  0.  0.  0.  0.  0.  0.  1.5 0.  1.5],0.49687501815287294
A222BBVJ75BTFE,B00006L9LC,4,[0. 0. 0. 0. 0. 5. 0. 0. 5. 0.],0.5
A1CEDYAX0NG4BU,B00006L9LC,3,[ 0.     0.     0.     0.     0.     0.     0.    -3.875  0.     0.   ],0.5
A1ZIN388IVCX6Z,B00006L9LC,5,[2. 2. 2. 2. 2. 2. 2. 2. 2. 2.],0.4968749613806951
AHR6RFGXARWNX,B00006L9LC,5,[-0.875 -0.875 -0.875 -0.875 -0.625 -0.625 -1.25  -0.625 -1.25  -0.625],0.5
A2I3TOK508FLX0,B00006L9LC,5,[0.625 1.25  1.25  1.25  1.25  1.25  1.25  1.25  1.25  1.25 ],0.49687503139560907
A2N52EPR60UCHN,B00006L9LC,5,[0. 0. 0. 0. 0. 0. 0. 0. 5. 0.],0.49687491252426597
A3RTXSWBBPBU15,B00006L9LC,5,[0. 5. 0. 0. 0. 0. 0. 0. 0. 5.],0.5
A3KHIT48AYHC0L,B00006L9LC,4,[0.   0.   0.   0.   0.   3.25 0.   0.   0.   0.  ],0.5
A1C8LL1BBQ7GTO,B00006L9LC,5,[1.25  0.625 1.25  1.875 1.875 1.875 1.25  1.25  0.625 1.25 ],0.49687508282241755
A1D82V07WELVCE,B00006L9LC,5,[1.5 1.5 4.5 3.  3.  1.5 3.  0.  3.  1.5],0.5000000754371812
A125PSVY71Q7KZ,B00006L9LC,5,[0. 0. 0. 0. 0. 0. 0. 0. 5. 0.],0.49687498293211496
A2RWJPXMBFGCF0,B00006L9LC,5,[0.   0.   4.75 0.   0.   0.   0.   0.   0.   0.  ],0.5
A3KL6I6EWV0MF6,B00006L9LC,5,[0. 0. 0. 0. 0. 0. 0. 0. 0. 5.],0.49687497823756055
A2KJR83EUJJNAX,B00006L9LC,5,[0. 0. 5. 0. 0. 0. 0. 0. 0. 0.],0.49687493169052066
A1WWZ1NKXLFYNG,B00006L9LC,2,[0.    0.    3.125 0.    0.    0.    0.    0.    0.    3.75 ],0.5
AX0ZEGHH0H525,B00006L9LC,5,[ 0.  0.  0.  0.  0. -5.  0.  0.  0. -5.],0.5
A12BLGAAZBUU96,B00006L9LC,5,[0.    0.    0.    0.    0.    0.    0.    2.125 0.    0.   ],0.4968750141299446
A11AZPF8R6A1F8,B00006L9LC,5,[5. 0. 0. 5. 0. 0. 0. 0. 0. 0.],0.4968749209060061
A22XX80SB8WMUK,B00006L9LC,5,[0. 0. 0. 0. 0. 0. 0. 0. 0. 0.],0.5
A2EB0P9PSMD1M0,B00006L9LC,5,[3.25 3.25 3.25 3.25 3.25 3.25 3.25 3.25 3.25 3.25],0.49687495728278
A3IRJA2MBOJ411,B00006L9LC,5,[5. 0. 5. 0. 0. 0. 0. 0. 0. 0.],0.5
AJIQ6LH2YTZH8,B00006L9LC,5,[0. 0. 0. 0. 0. 0. 0. 0. 0. 5.],0.5
A28G6HAG3I755Y,B00006L9LC,5,[0. 0. 0. 0. 0. 0. 0. 0. 0. 0.],0.4968749895430425
A31XUJMEDBUGKR,B00006L9LC,5,[0. 5. 0. 0. 0. 0. 0. 5. 0. 0.],0.5
A24A9FRVM8TQZS,B00006L9LC,5,[-0.125 -0.125 -0.25  -0.125 -0.125 -0.25  -0.125 -0.125 -0.25  -0.125],0.4968750074428656
A1BS75OBCJN3EA,B00006L9LC,5,[0. 0. 0. 0. 0. 0. 0. 0. 5. 0.],0.49687496223746774
ATEX4XVEQYN7B,B00006L9LC,5,[-0.25 -0.25 -0.25 -0.25 -0.25 -0.25 -0.25 -0.25 -0.25 -0.25],0.5
A3E5V5TSTAY3R9,B0006O10P4,5,[0. 0. 5. 0. 0. 0. 0. 0. 0. 0.],0.5
A32BY7UM2ZCWHM,B0009RF9DW,5,[0. 0. 0. 0. 0. 0. 0. 0. 0. 5.],0.49687498630230204
A2EBR70V6P9W0N,B0009RF9DW,5,[0.    4.75  1.875 0.    0.    0.    0.    0.    0.    0.   ],0.5
A3L3SRE6L8IFHH,B0009RF9DW,5,[ 0.     0.     0.    -2.375  0.     0.     0.     0.     0.     0.   ],0.4968749720913031
A1M5UWJ8H1SYHG,B0009RF9DW,5,[0. 0. 3. 0. 0. 0. 0. 0. 0. 0.],0.5
A2IXGQP8IXSJXW,B0009RF9DW,5,[0.   0.   0.   0.   0.   1.75 0.   0.   0.   0.  ],0.5124972087281016
A2831PTXQCEFCM,B0009RF9DW,5,[0. 0. 0. 5. 0. 0. 0. 0. 0. 0.],0.5
A85ENSL5HBBZF,B0009RF9DW,5,[0. 0. 5. 0. 0. 0. 0. 0. 0. 0.],0.49687516719499425
A3TFW9R3OCAGUI,B0009RF9DW,5,[0. 0. 0. 0. 0. 0. 0. 0. 0. 5.],0.5
A2C8L2HEMJ4VT7,B0009RF9DW,5,[0. 0. 5. 0. 0. 0. 0. 0. 5. 5.],0.4968749074945823
A2H9JIWY7JDD3J,B0009RF9DW,5,[0. 5. 0. 0. 0. 0. 0. 0. 0. 0.],0.5031251291622266
AV10T680T0UWB,B0009RF9DW,5,[0. 0. 0. 0. 0. 0. 0. 0. 0. 5.],0.4968750413601239
A1VY8FIKPTP6AZ,B0009RF9DW,5,[0. 0. 0. 0. 0. 0. 0. 0. 5. 0.],0.49687487121060914
A2BFYX5LXWT7J,B0009RF9DW,5,[0. 0. 0. 0. 0. 0. 0. 0. 0. 5.],0.49687501701724196
ARPSCXPD7FYZ4,B0009RF9DW,3,[0.    0.    0.    0.    0.    0.    0.    0.    2.5   4.125],0.5
A280XZUEBJ0G3Z,B0009RF9DW,5,[-0.125 -0.125 -0.375 -0.125 -0.25  -0.25  -0.125 -0.125 -0.375 -0.125],0.4968751068669979
A23TC03PKGDVQM,B0009RF9DW,5,[0.375 0.75  0.75  0.75  0.75  0.75  0.75  0.75  0.75  0.75 ],0.5093731843186343
A2R03U5UAX219B,B0009RF9DW,5,[4.75 5.   5.   5.   5.   5.   5.   5.   5.   5.  ],0.4968749617345248
A2PPWA67FGO7BF,B0009RF9DW,5,[-0.125  0.    -0.125  0.    -0.125 -0.125  0.     0.     0.    -0.125],0.5
AR7EOI1I0D7Q7,B0009RF9DW,5,[3.5 3.5 3.5 3.5 3.5 3.5 3.5 3.5 3.5 3.5],0.49687498682367304
A3E1JS2EB8ZH94,B0009RF9DW,5,[0.    0.    4.625 0.    0.    0.    0.    4.625 0.    0.   ],0.49687499194590784
A1RM3LETB09B5E,B0009RF9DW,5,[3.5  3.5  3.5  3.25 3.75 3.5  3.5  3.25 3.25 3.25],0.5
A2XDLY3PL0CGBD,B0009RF9DW,5,[0.   0.   0.   0.   0.   0.   0.75 0.   0.   0.  ],0.5
A26HF31NL346VR,B0009RF9DW,5,[0. 0. 0. 0. 0. 0. 0. 0. 3. 0.],0.5
A3CPIVUW77AK6K,B0009RF9DW,5,[3.875 3.875 3.75  3.875 3.875 3.75  3.875 3.875 3.75  3.875],0.5
AE9VRSOM1TYLE,B0009RF9DW,5,[0.   0.   0.75 0.   0.   0.   0.   0.   0.   0.  ],0.49687504862423437
A2M0OIN5678XKQ,B0009RF9DW,5,[0. 0. 5. 5. 0. 0. 0. 0. 0. 0.],0.5
A2E3YYK70W49NO,B0009RF9DW,5,[0. 5. 0. 0. 0. 5. 0. 0. 0. 0.],0.49687492399813854
A3ESPH5CN0GMIJ,B0009RF9DW,5,[0. 0. 5. 0. 0. 0. 0. 0. 0. 0.],0.5031248415221653
A2JAEYUNQB6BIF,B0009RF9DW,5,[1.75  1.75  3.125 1.75  3.5   3.125 1.75  3.5   3.5   3.5  ],0.49687497853564566
A2J50ZCVKL1H9L,B0009RF9DW,5,[0. 0. 5. 0. 0. 0. 0. 5. 5. 5.],0.5
AEY5YWIVK33SE,B0009RF9DW,5,[0. 0. 0. 0. 0. 0. 0. 0. 0. 5.],0.5
A28XHFOYRSV7VA,B0009RF9DW,5,[1.375 1.375 1.375 1.375 2.75  1.375 1.375 1.375 1.375 1.375],0.5156198241581141
AG6BQPVI5DCR4,B0009RF9DW,5,[0. 0. 0. 0. 0. 0. 0. 0. 5. 0.],0.4968749750334534
A1OIRJ1W4N8CW,B0009RF9DW,5,[0. 0. 0. 0. 0. 0. 0. 5. 0. 0.],0.49687501658816424
A1AWB5QE4T9LPM,B0009RF9DW,5,[0. 0. 0. 0. 0. 0. 0. 0. 0. 0.],0.49687509649194256
A2I02X97TQCOHX,B000FI4S1E,5,[0.   0.   2.25 0.   0.   0.   0.   0.   0.   0.  ],0.5
A1AFSSJ58HYER7,B000FI4S1E,5,[0. 0. 0. 0. 5. 5. 0. 0. 0. 0.],0.4968749594623923
A3KALVNW1WOI19,B000FI4S1E,5,[ 0.  -0.5  0.  -0.5 -0.5  0.  -0.5 -0.5  0.  -0.5],0.49687496588823393
A3UHBFT2EGPDG5,B000FI4S1E,5,[0.    0.    0.    0.    0.    0.    2.625 0.    0.    0.   ],0.5
A2KUYYA021Y4KO,B000FI4S1E,5,[-0.75 -0.5  -0.75 -0.5  -0.75 -0.75 -0.75 -0.75 -0.5  -0.5 ],0.5
A1AWB5QE4T9LPM,B000FI4S1E,5,[0. 0. 0. 0. 0. 0. 0. 0. 0. 0.],0.49687509649194256
AA0KFWC049J0U,B000FI4S1E,5,[0.    0.    0.    0.    0.    0.    0.    0.    0.    2.625],0.49687493321782533
A1FEQTQIVZKAY,B000FI4S1E,5,[0.   0.   0.   0.   0.   0.   0.   3.75 0.   0.  ],0.5
A3N20YR4PHW97O,B000FI4S1E,5,[0. 0. 5. 0. 0. 0. 0. 0. 5. 0.],0.5
ASL42Q7LYJWFV,B000FI4S1E,5,[0.  0.  0.  0.  0.  0.  1.5 0.  0.  0. ],0.4968749893941655
ADEFD8L3I7YFR,B000FI4S1E,5,[0. 0. 0. 0. 0. 0. 0. 0. 0. 5.],0.5156193102981907
A3FLYMWRPCK731,B000FI4S1E,5,[0. 0. 0. 0. 5. 0. 0. 0. 0. 5.],0.5
A24NTDGOS70ZA9,B000FI4S1E,5,[5. 5. 5. 5. 5. 5. 5. 5. 5. 5.],0.49687507585506574
A2W643VRI6ELN,B000FI4S1E,5,[0. 0. 0. 0. 0. 0. 0. 0. 0. 5.],0.5
A3TFW9R3OCAGUI,B000FI4S1E,5,[0. 0. 0. 0. 0. 0. 0. 0. 0. 5.],0.5
A1QQHWTPZYIXM3,B000FI4S1E,5,[ 0.     0.    -0.375  0.     0.     0.     0.    -0.75  -0.375 -0.375],0.4968750696343047
A14SJT4M0BP298,B000FI4S1E,5,[0. 0. 0. 0. 0. 0. 0. 0. 0. 0.],0.4937503177558612
A26DR70GPC8R5T,B000FI4S1E,5,[0. 5. 0. 0. 0. 0. 0. 0. 0. 0.],0.506249048709603
A2831PTXQCEFCM,B000FI4S1E,5,[0. 0. 0. 5. 0. 0. 0. 0. 0. 0.],0.5
A2BFYX5LXWT7J,B000FI4S1E,5,[0. 0. 0. 0. 0. 0. 0. 0. 0. 5.],0.49687501701724196
A2BLQAZWM052C1,B000FI4S1E,5,[0. 0. 0. 0. 0. 0. 0. 0. 0. 0.],0.49687500487277036
A1CJRTU646COUL,B000FI4S1E,5,[5. 5. 5. 5. 5. 5. 5. 5. 5. 5.],0.4968750044253479
A1B5D7AI4KYG98,B000FI4S1E,5,[1.5 3.  1.5 3.  3.  1.5 3.  3.  1.5 3. ],0.49687495040998986
A3SR36PIOEYYO1,B000FI4S1E,5,[1.375 1.375 1.375 1.375 1.375 2.75  1.375 1.375 1.375 1.375],0.5156163238724055
A2Q7PO5LDVGUOW,B000FI4S1E,5,[1.375 1.375 1.375 1.375 1.375 1.375 1.375 1.375 1.375 1.375],0.4968750236286421
A15IDG691XH2XI,B000FI4S1E,5,[0.   0.   4.25 0.   0.   0.   0.   0.   4.25 0.  ],0.49687493437256125
AG6BQPVI5DCR4,B000FI4S1E,5,[0. 0. 0. 0. 0. 0. 0. 0. 5. 0.],0.4968749750334534
AXDHA80LYRYSE,B000FI4S1E,5,[0.    0.    0.    0.    0.    0.    0.    0.    0.    2.125],0.5
ARPSCXPD7FYZ4,B000FI4S1E,3,[0.    0.    0.    0.    0.    0.    0.    0.    2.5   4.125],0.5
AN4M590RDRGH7,B000FI4S1E,5,[ 0.    0.   -0.25  0.    0.    0.    0.    0.    0.    0.  ],0.5
A4WYCR7FYUSPS,B000FI4S1E,5,[0. 0. 5. 0. 0. 0. 0. 0. 0. 0.],0.49687492947406864
A2J50ZCVKL1H9L,B000FI4S1E,5,[0. 0. 5. 0. 0. 0. 0. 5. 5. 5.],0.5
A3UJNWXI82I8P7,B000FI4S1E,5,[0.  0.  0.  0.  0.  0.  0.  0.  4.5 5. ],0.49687485327319103
A2QLQVPUZG2JXU,B000FI4S1E,5,[0.    0.875 0.    0.    0.    0.    0.    1.    0.    1.75 ],0.4968749438534184
A3JQUR31CLU4VK,B000FI4S1E,1,[0.  0.  0.  0.  0.  0.  0.  0.  0.  0.5],0.49687487692850985
AH5KMT72HXKVO,B000FI4S1E,5,[ 0.     0.     0.     0.     0.     0.     0.     0.     0.    -0.625],0.4968750082812262
A37DCOJBXHTODF,B000FI4S1E,5,[2.75 2.75 2.75 2.75 2.75 2.75 2.75 2.75 2.75 2.75],0.4968749408731915
A18KOO6VMJJ70S,B000FI4S1E,5,[0. 0. 0. 0. 0. 0. 0. 5. 0. 0.],0.5
ADYZN70LHMS7S,B000FI4S1E,5,[0.5 1.  1.  1.  1.  1.  1.  1.  1.  1. ],0.49687502262299676
A3CPIVUW77AK6K,B000FI4S1E,5,[3.875 3.875 3.75  3.875 3.875 3.75  3.875 3.875 3.75  3.875],0.5
A32PX7W05VFWOJ,B000FI4S1E,5,[0. 0. 0. 0. 0. 0. 0. 0. 0. 5.],0.4968749638209112
AKWBRE0JKA2A1,B000FI4S1E,5,[0.  0.  0.  0.  0.  0.  0.  1.5 0.  0. ],0.5
A1AKH1GJBE5CX5,B000FI4S1E,5,[0. 0. 0. 5. 0. 0. 0. 0. 0. 5.],0.5
A22X7GUEMMORP8,B000FI4S1E,5,[0.    0.    0.    0.    0.    2.75  0.    0.    0.    4.625],0.5
A3JIP8N3GZZKBA,B000FI4S1E,5,[0. 0. 0. 0. 0. 0. 0. 0. 5. 0.],0.5
AIEEK7AHXKZCC,B000GLRREU,5,[0. 5. 5. 0. 0. 0. 0. 0. 0. 0.],0.5
A1QBOC76MIOJYP,B000GLRREU,5,[0. 0. 5. 0. 0. 0. 0. 0. 5. 0.],0.5
A3ILCNY19J5KFA,B000GLRREU,5,[0.    0.    0.    0.    0.    0.    0.    0.    0.    1.875],0.5000001791905123
A3OXHLG6DIBRW8,B000NKJIXM,4,[0. 0. 0. 0. 0. 0. 0. 0. 0. 5.],0.5
A3L40OCWS1W7R7,B000URXP6E,5,[0.625 0.625 0.625 0.625 0.625 0.625 0.625 0.625 0.625 0.625],0.4968749879228248
A1JDBXPK20HBUW,B000URXP6E,5,[ 0.  0. -5.  0.  0.  0.  0.  0.  0. -5.],0.49687489980220706
A3JXCMOICECC61,B000URXP6E,5,[0. 0. 0. 0. 5. 0. 0. 0. 0. 0.],0.49687494765327356
A31URN5S2Q0UJV,B000URXP6E,5,[0. 0. 0. 0. 0. 0. 0. 0. 0. 5.],0.5
ASPQVBZP025R8,B000URXP6E,5,[0. 0. 0. 0. 0. 0. 0. 0. 0. 0.],0.5405520777171828
A29GCQQLNLUJGG,B000URXP6E,5,[0. 0. 0. 1. 0. 0. 0. 0. 0. 0.],0.496874987888073
A3BKC8ZEVA23CK,B000URXP6E,5,[0. 0. 5. 0. 0. 0. 0. 0. 0. 0.],0.49687493010693556
A3QDLODOQKUXGN,B000URXP6E,5,[1.    1.125 1.75  1.125 1.125 1.125 1.125 1.125 1.75  1.75 ],0.496874965813463
A1XQ0F01CF84Y3,B000URXP6E,5,[0. 0. 0. 0. 5. 0. 0. 0. 0. 0.],0.49687500239504634
A80A8PCDT0NFB,B000URXP6E,5,[0. 0. 0. 0. 0. 0. 0. 0. 0. 0.],0.5031264149167256
A257PM313YL6AY,B000URXP6E,5,[0. 0. 0. 5. 5. 0. 0. 0. 0. 0.],0.49687486163688616
A1ZH9XEBQIPLWT,B000URXP6E,5,[1.375 2.75  2.75  2.75  2.75  2.75  2.75  2.75  2.75  2.75 ],0.49687496098947226
A3N6811PDY2QM3,B000URXP6E,5,[0. 0. 0. 0. 0. 0. 0. 0. 0. 0.],0.5
A1RO0GOES15LER,B000URXP6E,5,[0.    0.    3.125 0.    0.    0.    0.    0.    0.    0.   ],0.4968749682722232
A2RFDGEW20UK6W,B000URXP6E,5,[1.125 1.875 1.875 3.    1.875 3.    1.875 1.875 1.875 1.875],0.49999991748477907
A156IOMOA59X7N,B000URXP6E,5,[0.25  0.875 0.625 0.625 0.875 0.625 0.625 0.875 0.875 0.875],0.49687499056761664
A39KHX3058560R,B000URXP6E,5,[ 0.    0.    0.    0.    0.    0.   -0.25  0.    0.    0.  ],0.49687491911790915
ASFHTW5SP4QQR,B000URXP6E,5,[0. 0. 0. 0. 0. 0. 0. 3. 0. 0.],0.4968750123787536
A2WA0B9CJ28E45,B000URXP6E,5,[ 0.     0.     0.     0.    -0.875  0.     0.     0.     0.    -0.875],0.5
A22V1MD93T2FW9,B000URXP6E,5,[0. 0. 0. 0. 0. 0. 0. 0. 0. 5.],0.49687489346949837
A4DEEDXZK8L78,B000URXP6E,5,[0.  0.  2.5 0.  0.  0.  0.  0.  0.  0. ],0.5
A2OMMYTOUX444Q,B000URXP6E,5,[0. 0. 0. 0. 0. 5. 0. 0. 0. 0.],0.5
A37C3532V0OGK4,B000URXP6E,5,[ 0.     0.     0.     0.     0.    -2.875  0.    -2.75   0.     0.   ],0.5
AVZFCI6JTP4PU,B000URXP6E,5,[0.   0.   0.   0.   0.   0.   0.   0.   2.25 0.  ],0.49687500844850774
A1VRZOJ7MNAJME,B000URXP6E,5,[0. 5. 0. 0. 5. 0. 0. 0. 0. 5.],0.49687504402437604
A15IDG691XH2XI,B000URXP6E,5,[0.   0.   4.25 0.   0.   0.   0.   0.   4.25 0.  ],0.49687493437256125
A1TK8ZGWS7VJP2,B000URXP6E,5,[0. 0. 0. 0. 0. 0. 0. 0. 0. 5.],0.4968749967141423
A8KB4X4BRD00L,B000URXP6E,5,[ 0.     0.     0.     0.     0.     0.     0.     0.     0.    -1.125],0.49687504994797305
A2XF4LU8DZCGKV,B000URXP6E,5,[ 0.    0.    0.    0.   -1.25  0.    0.    0.    0.    0.  ],0.49687485822753275
A2O4T6MQ540AGF,B000URXP6E,5,[-0.25  -0.25  -0.375 -0.25  -0.25  -0.375 -0.25  -0.25  -0.375 -0.25 ],0.49999999236316295
A3EZ4SUXGM5DKJ,B000URXP6E,5,[ 0.  0.  0.  0.  0.  0.  0. -5.  0.  0.],0.4968750329600628
A1BRNOD64VZ1GP,B000URXP6E,5,[0. 0. 0. 0. 0. 0. 0. 5. 0. 0.],0.49687497713816553
AI8FN9LAD3WT0,B000URXP6E,5,[0. 0. 0. 0. 0. 0. 0. 0. 5. 0.],0.4968749518996502
A1X60YTH1F0Y9A,B000URXP6E,5,[ 0.     0.    -0.625 -0.5    0.     0.     0.     0.     0.     0.   ],0.5031248785864096
A3TH0R81AWDJ49,B000URXP6E,4,[0. 0. 0. 5. 0. 5. 0. 0. 0. 0.],0.49687506073119914
A115LE3GBAO8I6,B000URXP6E,5,[0. 0. 0. 0. 0. 0. 0. 0. 0. 5.],0.49687502724202737
A289XUH39KKR89,B000URXP6E,5,[0. 0. 5. 0. 0. 0. 0. 0. 5. 0.],0.49687499073513874
A3W3YT08F94PO7,B000URXP6E,1,[0.  0.  0.  0.  0.  0.  0.  0.  2.5 0. ],0.4968749852601395
A2A3IPL0AVGETE,B000URXP6E,5,[0. 0. 0. 0. 0. 0. 0. 0. 0. 0.],0.5
A1JDG0KTCUW9BT,B000URXP6E,5,[0.   0.   0.   0.   0.   0.   0.   0.   2.25 0.  ],0.5
AB4T4E0AGMKRA,B000URXP6E,5,[0.  0.  0.  0.  0.  0.  0.  0.  0.  3.5],0.5
A2H9JIWY7JDD3J,B000URXP6E,5,[0. 5. 0. 0. 0. 0. 0. 0. 0. 0.],0.5031251291622266
A7VOU5ARHQ20F,B000URXP6E,5,[0. 0. 5. 0. 0. 0. 0. 0. 0. 0.],0.4968750287514457
A37XI9VKWZWZKO,B000URXP6E,5,[0. 0. 0. 0. 0. 5. 0. 0. 0. 0.],0.49687500926841127
A1VY8FIKPTP6AZ,B000URXP6E,5,[0. 0. 0. 0. 0. 0. 0. 0. 5. 0.],0.49687487121060914
A397WXW8JOK3RT,B000URXP6E,5,[0. 0. 0. 0. 0. 0. 0. 0. 0. 0.],0.4968749982788141
A2KUYYA021Y4KO,B000URXP6E,5,[-0.75 -0.5  -0.75 -0.5  -0.75 -0.75 -0.75 -0.75 -0.5  -0.5 ],0.5
ABWHWMXZDQ25C,B000URXP6E,5,[0. 0. 0. 0. 0. 0. 0. 5. 0. 0.],0.5
A3IGHIOZ898AWG,B000URXP6E,5,[0. 5. 0. 0. 5. 0. 0. 0. 0. 0.],0.496874979132124
A2IYMZSE5YVU7F,B000URXP6E,5,[ 0.  0.  0. -5.  0.  0.  0.  0.  0.  0.],0.49687498678699465
A26FGQS4JIPDH5,B000URXP6E,5,[0.375 0.25  0.25  0.25  0.375 0.25  0.25  0.25  0.25  0.25 ],0.5
A3CPIVUW77AK6K,B000URXP6E,5,[3.875 3.875 3.75  3.875 3.875 3.75  3.875 3.875 3.75  3.875],0.5
A2EGIJP9ULQ9XB,B000URXP6E,5,[0.   0.   0.   0.   0.   0.   0.   0.75 0.   0.  ],0.5
A2MTXSVB9MC8IO,B000URXP6E,5,[0. 0. 0. 0. 0. 0. 0. 0. 0. 5.],0.4968750265716749
A3OCG4F2HKKPD5,B000URXP6E,5,[0.25 0.25 0.25 0.25 0.25 0.25 0.25 0.25 0.25 0.25],0.49687500707011345
A1WME650PRYNO9,B000URXP6E,5,[0. 0. 0. 0. 0. 0. 0. 0. 0. 5.],0.4968749662979925
A2MWTIZYINA2MH,B000URXP6E,5,[0. 0. 0. 0. 0. 0. 0. 0. 3. 0.],0.49687499781379413
A1UBIQNOWJJO9N,B000URXP6E,5,[0.    0.    0.    0.    0.    0.    0.    0.    0.    0.875],0.4968750325692181
A2XZP9S5PUM5QP,B000URXP6E,5,[0. 0. 0. 0. 0. 0. 0. 0. 0. 5.],0.4968748608543442
A20B9DRVC87T06,B000URXP6E,5,[1.375 1.375 1.375 1.375 1.375 1.375 1.375 1.375 1.375 1.375],0.4968749001932407
A3DLYCA3TUHOZM,B000URXP6E,5,[0.   0.   0.   0.   0.   0.   2.75 0.   0.   0.  ],0.5
A3HHQ7UIJJAOAV,B000URXP6E,5,[0. 5. 5. 0. 0. 0. 0. 0. 5. 0.],0.49999988488938946
A1TWEWYOCWT9T,B000URXP6E,5,[0. 0. 5. 5. 0. 0. 0. 5. 5. 5.],0.5
A1SW8WT1S0GHQV,B000URXP6E,5,[0. 0. 0. 0. 0. 0. 0. 0. 4. 0.],0.4968749480819691
A2DK8CVJ2HYDRI,B000URXP6E,5,[0.    0.    0.    0.    0.    1.125 0.    0.    0.    0.   ],0.5
A1C8LL1BBQ7GTO,B000URXP6E,5,[1.25  0.625 1.25  1.875 1.875 1.875 1.25  1.25  0.625 1.25 ],0.49687508282241755
A2W643VRI6ELN,B000URXP6E,5,[0. 0. 0. 0. 0. 0. 0. 0. 0. 5.],0.5
A1GVT488CKU6ZB,B000URXP6E,5,[ 0.  0.  0.  0.  0. -5.  0.  0.  0.  0.],0.5
AL4R7S0YP7MJR,B000URXP6E,5,[ 0.     0.    -0.875  0.     0.     0.     0.     0.     0.     0.   ],0.5
A1NVH7LUS2AVWW,B000URXP6E,5,[ 0.    -1.375  0.     0.     0.     0.     0.     0.     0.     0.   ],0.5093736115006485
A28G6HAG3I755Y,B000URXP6E,5,[0. 0. 0. 0. 0. 0. 0. 0. 0. 0.],0.4968749895430425
A3N81O636W6H9A,B000URXP6E,5,[0. 5. 5. 0. 0. 0. 5. 5. 5. 0.],0.5031249206988425
A347D5SOZ68PPE,B000URXP6E,5,[1.  1.5 1.5 1.5 1.5 1.5 2.  1.5 1.5 1.5],0.5156226411229519
A3H4ZZ6X3GROKJ,B000URXP6E,5,[0. 0. 0. 0. 5. 0. 0. 0. 0. 0.],0.496874900361017
AL24GOJZZ48PB,B000URXP6E,5,[0.5   1.625 1.125 1.125 1.625 1.125 1.125 1.625 1.625 1.625],0.49687496361575356
A2BLQAZWM052C1,B000URXP6E,5,[0. 0. 0. 0. 0. 0. 0. 0. 0. 0.],0.49687500487277036
A2NAS3M5B7Z8Q3,B000URXP6E,5,[0.625 0.625 0.625 0.625 1.25  0.625 0.625 0.625 0.625 0.625],0.49687464716351404
ASLE3QYFD5C70,B000URXP6E,5,[2.75 2.75 2.75 2.75 2.75 2.75 2.75 2.75 2.75 2.75],0.4968749300141958
A3T94O0KWMLTNG,B000URXP6E,5,[3.5   4.875 4.875 4.875 3.5   4.875 3.5   4.875 4.875 4.875],0.4968749718672483
AXF86QVFWFE4L,B000URXP6E,5,[4. 4. 4. 4. 4. 4. 4. 4. 4. 4.],0.4968749985022138
A3TBIPGY6C5KIL,B000URXP6E,5,[-1.125  0.     0.     0.     0.     0.     0.    -0.375  0.     0.   ],0.5
A1ZB4T8L0SPYV8,B000URXP6E,5,[0. 0. 0. 0. 0. 0. 0. 0. 0. 0.],0.5093734344398141
A3RGQCA2GSFLX2,B000URXP6E,5,[0. 0. 5. 0. 0. 0. 0. 0. 0. 0.],0.5
A27VWQXCDU4U9D,B000URXP6E,5,[2.75 2.75 2.75 2.75 2.75 2.75 2.75 2.75 2.75 2.75],0.4968749662605304
AEL1DK2OJ41ZZ,B000URXP6E,1,[0.125 0.125 0.125 0.125 0.125 0.125 0.125 0.125 0.125 0.125],0.5031247626396335
A31XUJMEDBUGKR,B000URXP6E,5,[0. 5. 0. 0. 0. 0. 0. 5. 0. 0.],0.5
A2M0OIN5678XKQ,B000URXP6E,5,[0. 0. 5. 5. 0. 0. 0. 0. 0. 0.],0.5
A3IOV1NJ4IM2HC,B000URXP6E,1,[0. 0. 0. 0. 0. 0. 0. 0. 0. 0.],0.5467351861095987
A28TUBAOIO801,B000URXP6E,5,[0.  0.  0.  0.  0.  0.  0.  0.  0.  1.5],0.5
A3T1HGP5MN7OB6,B000URXP6E,5,[0.   0.   0.75 0.   0.5  0.   0.   0.   0.   0.  ],0.4968749228996535
A3QYF175C7E1CN,B000URXP6E,5,[0. 0. 5. 0. 0. 0. 0. 0. 0. 0.],0.49687503288633617
A3QUX4Z5YP6T4P,B000URXP6E,5,[0. 0. 0. 0. 5. 0. 0. 0. 5. 0.],0.5
A24NTDGOS70ZA9,B000URXP6E,5,[5. 5. 5. 5. 5. 5. 5. 5. 5. 5.],0.49687507585506574
A32MXI9376X72P,B000URXP6E,5,[0. 0. 1. 0. 0. 0. 0. 0. 0. 0.],0.5
A3BWOPUC4BK90E,B000URXP6E,5,[ 0.    0.    0.    0.   -0.25  0.    0.    0.    0.    0.  ],0.49687497462379154
A2D9MTWHD2BFUG,B000URXP6E,5,[0.    0.    0.    0.    0.    4.    0.    0.    3.625 0.   ],0.4968750800270974
A1M1Y5UGONAW06,B0010ZBORW,4,[ 0.  0.  0.  0.  0.  0.  0. -5.  0.  0.],0.49687498660119717
A19XMHRB3G4DIR,B0010ZBORW,5,[0. 0. 0. 5. 0. 0. 0. 0. 0. 0.],0.5
ALNFHVS3SC4FV,B0010ZBORW,5,[ 0.    0.   -0.25  0.    0.    0.   -0.25  0.    0.   -0.5 ],0.5
A33PVCHCQ2BTN0,B0010ZBORW,5,[0. 0. 5. 0. 0. 0. 0. 0. 0. 0.],0.5
AYNTULRNAIPNY,B0010ZBORW,4,[ 0.    0.    0.    0.    0.    0.    0.   -2.75  0.   -1.75],0.4999996785024228
A1XCSAX4BRT89Y,B0010ZBORW,2,[0.  1.5 0.  0.  0.  0.  0.  1.  0.  0. ],0.5031248862050183
A30VYJQW4XWDQ6,B0011FYB5I,4,[2.75 2.75 2.75 2.75 2.75 2.75 2.75 2.75 2.75 2.75],0.49374994572106196
AXZPSRWKSDO27,B00126LYJM,5,[0.  1.5 0.  0.  0.  0.  0.  0.  0.  0. ],0.49687498656285384
A2GJX2KCUSR0EI,B0012XPRO8,3,[0.    2.875 0.    0.    0.    0.    0.    2.375 0.    0.   ],0.49687510584282313
A3Q5NCX0Y43DG1,B0012Y0ZG2,5,[0. 0. 0. 0. 0. 0. 0. 0. 0. 0.],0.5
A39WH9DUE96U1P,B0012Y0ZG2,5,[0. 0. 5. 0. 0. 0. 0. 0. 0. 0.],0.4968749630947827
A280XZUEBJ0G3Z,B0012Y0ZG2,5,[-0.125 -0.125 -0.375 -0.125 -0.25  -0.25  -0.125 -0.125 -0.375 -0.125],0.4968751068669979
A1N3KXBQ1A53IP,B0012Y0ZG2,5,[0. 0. 5. 0. 0. 0. 0. 0. 0. 0.],0.49687490421655617
A265E2JC4S3YWC,B0012Y0ZG2,5,[0.   0.   0.   0.   0.   0.   0.   0.   0.75 0.  ],0.5124968983493978
A2BTEB0X9BLH2T,B0012Y0ZG2,5,[0. 0. 0. 0. 0. 0. 0. 0. 5. 0.],0.5
A3CLPIHVAD1LI1,B0012Y0ZG2,5,[2.75 2.75 2.75 2.75 2.75 2.75 2.75 2.75 2.75 2.75],0.49687495694743744
A2LY3LPGRERLPW,B0012Y0ZG2,5,[0. 0. 0. 0. 0. 0. 0. 5. 5. 0.],0.5
A3HIK2YDCUMWMZ,B0012Y0ZG2,5,[0.75  0.375 0.375 0.75  0.75  0.375 0.375 0.75  0.375 0.75 ],0.5280951440990033
A3KL6I6EWV0MF6,B0012Y0ZG2,5,[0. 0. 0. 0. 0. 0. 0. 0. 0. 5.],0.49687497823756055
A1HPJKECRYBG6V,B0012Y0ZG2,5,[0. 0. 0. 0. 0. 0. 0. 0. 5. 0.],0.49687497346970344
A15TMUEDCVMOBF,B0012Y0ZG2,5,[0.    0.    0.    0.    0.    0.    0.    1.375 0.    0.25 ],0.4968748884588519
APV301O2BXWU2,B0012Y0ZG2,5,[0. 0. 0. 0. 0. 5. 0. 0. 0. 0.],0.4968750817039949
AH5IPOPDVNJMW,B0012Y0ZG2,5,[0. 0. 0. 0. 5. 0. 0. 0. 0. 0.],0.496874964956791
A62R447U5SPTV,B0012Y0ZG2,5,[0.   0.   0.   0.   0.   3.75 0.   0.   0.   0.  ],0.49999985359907484
A1XQ0F01CF84Y3,B0012Y0ZG2,5,[0. 0. 0. 0. 5. 0. 0. 0. 0. 0.],0.49687500239504634
A2IGYO5UYS44RW,B0012Y0ZG2,5,[0. 0. 0. 0. 0. 0. 5. 0. 0. 0.],0.4968750744207533
A3S5MHB0P2RTI5,B0012Y0ZG2,5,[0. 0. 0. 5. 0. 0. 0. 0. 0. 0.],0.5
A7ID5H7FWLJHC,B0012Y0ZG2,1,[0. 0. 0. 0. 0. 0. 5. 0. 0. 0.],0.5
A2S696CI415O20,B0012Y0ZG2,5,[0.    0.125 0.125 0.125 0.125 0.125 0.125 0.125 0.125 0.125],0.5
A1SW8WT1S0GHQV,B0012Y0ZG2,5,[0. 0. 0. 0. 0. 0. 0. 0. 4. 0.],0.4968749480819691
A1I03N0S6W4AVL,B0012Y0ZG2,5,[0. 0. 0. 0. 5. 0. 0. 0. 0. 0.],0.5
A2YXTUAVV51KUH,B0012Y0ZG2,5,[ 0. -5.  0. -5.  0.  0.  0.  0.  0.  0.],0.4968749477276571
A3KRACVKGYH453,B0012Y0ZG2,5,[0. 0. 0. 0. 0. 5. 0. 0. 0. 0.],0.496875026217545
AMYTL79JMGQ6D,B0012Y0ZG2,5,[0. 0. 0. 0. 0. 0. 0. 0. 0. 2.],0.49687502221328683
A270QYQEV3CQGH,B0012Y0ZG2,5,[ 0.    0.    0.    0.    0.    0.    0.    0.   -3.75 -3.75],0.4968750135154845
A27VWQXCDU4U9D,B0012Y0ZG2,5,[2.75 2.75 2.75 2.75 2.75 2.75 2.75 2.75 2.75 2.75],0.4968749662605304
AKND6I1G35L7E,B0012Y0ZG2,5,[0.    0.    1.375 0.    0.    0.    0.    2.75  0.    3.625],0.5
A2OMMYTOUX444Q,B0012Y0ZG2,5,[0. 0. 0. 0. 0. 5. 0. 0. 0. 0.],0.5
A35LFTGC7TO48F,B0012Y0ZG2,4,[0. 0. 0. 0. 0. 0. 0. 0. 0. 5.],0.4968748969149063
A84MTP7LSOTXG,B0012Y0ZG2,5,[0.  0.  0.  1.5 0.  0.  0.  0.  0.  0. ],0.49687503685272255
A24HQ2N7332W7W,B0012Y0ZG2,5,[0. 0. 0. 0. 0. 0. 0. 0. 5. 0.],0.4968750093242662
A3W3YT08F94PO7,B0012Y0ZG2,1,[0.  0.  0.  0.  0.  0.  0.  0.  2.5 0. ],0.4968749852601395
A19GO5VNH8D1TF,B0012Y0ZG2,5,[0. 0. 0. 0. 5. 0. 0. 0. 0. 0.],0.49687491349305685
APTBOPU0IZZ0Y,B0012Y0ZG2,5,[0. 0. 0. 0. 0. 0. 0. 0. 3. 0.],0.5
A2UM2UI2KVHG64,B0012Y0ZG2,1,[0. 0. 0. 0. 0. 0. 0. 5. 0. 0.],0.5
A2A83NR45HQ2OV,B0012Y0ZG2,5,[0. 0. 5. 0. 5. 0. 0. 0. 0. 0.],0.49687502379610987
A20Y9PNINSXAE2,B0012Y0ZG2,5,[0. 0. 0. 0. 0. 0. 0. 5. 0. 0.],0.49687500124041406
A2L7E955AXRHRA,B0012Y0ZG2,5,[0. 0. 0. 0. 0. 5. 5. 0. 0. 0.],0.49687509446542777
A2WA0B9CJ28E45,B0012Y0ZG2,5,[ 0.     0.     0.     0.    -0.875  0.     0.     0.     0.    -0.875],0.5
A1UXOVYJ6OEQ24,B0012Y0ZG2,5,[1.  1.5 1.5 1.5 1.  1.  1.  1.  1.5 1. ],0.4968750834197627
A2D9MTWHD2BFUG,B0012Y0ZG2,5,[0.    0.    0.    0.    0.    4.    0.    0.    3.625 0.   ],0.4968750800270974
A24NTDGOS70ZA9,B0012Y0ZG2,5,[5. 5. 5. 5. 5. 5. 5. 5. 5. 5.],0.49687507585506574
A2D0I7M2G43WWP,B0012Y0ZG2,5,[0.   0.   1.75 0.   0.   0.   0.   0.   0.   0.  ],0.4968751362026909
AXIGAHX96N522,B0012Y0ZG2,5,[0. 0. 0. 0. 0. 5. 0. 0. 0. 0.],0.5
A1FPB20OAZLA3T,B0012Y0ZG2,5,[0.  0.  3.5 0.  0.  0.  0.  0.  0.  0. ],0.5093744844319884
AX461TIEKR7CJ,B0012Y0ZG2,5,[0.   4.25 0.   0.   0.   0.   0.   0.   0.   0.  ],0.49687498065877655
ARPSCXPD7FYZ4,B0012Y0ZG2,5,[0. 0. 0. 0. 0. 0. 0. 0. 0. 5.],0.4968749587913914
AIPW346SC1MMK,B0012Y0ZG2,3,[0. 0. 5. 0. 0. 0. 0. 0. 0. 5.],0.5
A22XX80SB8WMUK,B0012Y0ZG2,5,[0. 0. 0. 0. 0. 0. 0. 0. 0. 0.],0.5
A12I397MEWA1VB,B0012Y0ZG2,5,[0. 0. 0. 0. 0. 0. 0. 0. 0. 0.],0.4968749368498506
AE06QZ0NCSBBO,B0012Y0ZG2,5,[0. 0. 5. 0. 0. 0. 0. 0. 0. 5.],0.49687497536878994
A3L1JSXB4OXOD9,B0012Y0ZG2,5,[0. 0. 0. 0. 0. 0. 0. 0. 0. 5.],0.4968750148930695
A1ZB4T8L0SPYV8,B0012Y0ZG2,5,[0. 0. 0. 0. 0. 0. 0. 0. 0. 0.],0.5093734344398141
ACK0K1VME15R7,B0012Y0ZG2,5,[-0.5   -1.    -0.5   -1.    -1.    -0.5   -2.125 -1.    -0.5   -1.   ],0.496874935192149
A1Y5HC26OO5D4H,B0012Y0ZG2,5,[0. 0. 0. 0. 0. 0. 0. 0. 0. 0.],0.503124605418393
A2KA5PR2AKM7ZU,B0012Y0ZG2,5,[3.5   4.75  4.75  4.75  4.875 4.875 4.75  4.75  4.75  4.75 ],0.49375058474695144
ATEX4XVEQYN7B,B0012Y0ZG2,5,[-0.25 -0.25 -0.25 -0.25 -0.25 -0.25 -0.25 -0.25 -0.25 -0.25],0.5
A2JRCTJU21AJ4X,B0012Y0ZG2,5,[0.    0.    0.    0.    4.375 0.    0.    2.75  0.    0.   ],0.4968749935851197
A2SUH2N8051BES,B0012Y0ZG2,5,[3.125 3.125 3.125 3.125 3.125 3.125 3.125 3.125 3.125 3.125],0.4968750092679946
A1V9QLYRT1O4KF,B0012Y0ZG2,5,[0.   0.   0.   0.   0.   0.   0.   0.   4.25 0.  ],0.49687500004879476
A22V1MD93T2FW9,B0012Y0ZG2,5,[0. 0. 0. 0. 0. 0. 0. 0. 0. 5.],0.49687489346949837
A25DAQQXXA356R,B0012Y0ZG2,2,[0. 0. 0. 5. 0. 0. 0. 0. 0. 0.],0.4968748725142416
AGRLW94043OXP,B0012Y0ZG2,5,[0.   0.   2.75 0.   0.   0.   0.   0.   0.   0.  ],0.496874974269844
AKQ9DH3HRPHW3,B0012Y0ZG2,5,[0.    0.    0.    0.    0.    0.    0.    0.    0.    2.375],0.4968751280624072
A2KNKDQ38Q31SJ,B0012Y0ZG2,5,[0. 0. 5. 0. 0. 0. 0. 5. 0. 5.],0.5
A2TZW7B0YG2ZJQ,B0012Y0ZG2,5,[0. 0. 0. 0. 0. 0. 0. 0. 0. 0.],0.496874991573651
A26HF31NL346VR,B0012Y0ZG2,5,[0. 0. 0. 0. 0. 0. 0. 0. 3. 0.],0.5
A32PX7W05VFWOJ,B0012Y0ZG2,5,[0. 0. 0. 0. 0. 0. 0. 0. 0. 5.],0.4968749638209112
A1JR5CZCFXPQMC,B0012Y0ZG2,5,[0. 0. 0. 0. 0. 0. 0. 0. 0. 5.],0.5
A2S97Z2I1TFOS,B0012Y0ZG2,4,[0. 0. 0. 5. 0. 0. 0. 0. 0. 0.],0.5031248586390349
A2H1NTYWYYA0XM,B0012Y0ZG2,5,[0.  0.  0.  0.  0.  0.  0.  1.5 0.  0. ],0.5280954331832864
A1V9QLYRT1O4KF,B0012Y0ZG2,5,[0.   0.   0.   0.   0.   0.   0.   0.   4.25 0.  ],0.49687500004879476
A19BNMVUQDMFGK,B0012Y0ZG2,5,[0. 0. 0. 0. 0. 0. 5. 0. 0. 0.],0.5
A14QBW6X0Q1YSD,B0012Y0ZG2,5,[0. 0. 0. 0. 0. 0. 5. 0. 0. 0.],0.4968750425338766
A1VN560NNZQIR0,B0012Y0ZG2,5,[0. 0. 0. 0. 0. 0. 0. 0. 0. 5.],0.49687490639585113
A3RY7MA4VRMXN6,B0012Y0ZG2,5,[0. 0. 0. 0. 0. 5. 0. 0. 0. 0.],0.4968750808837758
ACDH4NYWRB1PR,B0012Y0ZG2,5,[0.    0.    0.    0.125 0.    0.125 0.    0.125 0.    0.   ],0.49687500913780497
A39VQK6I0V3AFV,B0012Y0ZG2,5,[0. 0. 5. 0. 0. 0. 0. 0. 0. 0.],0.5
A28TUBAOIO801,B0012Y0ZG2,5,[0.  0.  0.  0.  0.  0.  0.  0.  0.  1.5],0.5
A2XNLIC0O07GPW,B0012Y0ZG2,5,[0.    0.    0.    0.    0.    0.    0.    0.    0.    4.125],0.5
AF0QBHJJUO5R2,B0012Y0ZG2,5,[0. 5. 0. 0. 0. 0. 0. 0. 0. 0.],0.5
A2S255TZX0IO1X,B0012Y0ZG2,5,[0.    0.    0.    0.    2.875 0.    0.    0.    0.    0.   ],0.5
A2XFY9IT8UVY9E,B0012Y0ZG2,5,[0.   0.25 0.   0.   0.   0.   0.   0.   0.   0.  ],0.5
A1WME650PRYNO9,B0012Y0ZG2,5,[0. 0. 0. 0. 0. 0. 0. 0. 0. 5.],0.4968749662979925
AIX5L58NMGF9Z,B0012Y0ZG2,5,[0. 0. 5. 0. 0. 0. 0. 0. 0. 0.],0.5
ASI6Y3IN52G9P,B0012Y0ZG2,5,[0. 0. 0. 0. 0. 0. 0. 5. 0. 0.],0.5
A12X3J7IITW1J6,B0012Y0ZG2,5,[0. 5. 5. 0. 5. 0. 0. 0. 5. 0.],0.5
A30C827CX52Y3U,B0012Y0ZG2,5,[0.   0.   0.   0.   0.   2.25 0.   0.   0.   0.  ],0.4968750304085956
A2O23K583MS6RI,B0012Y0ZG2,5,[ 0.   0.   0.   0.   0.   0.   0.   0.   0.  -4.5],0.49687507488676214
A3Q33D02J9UTT0,B0012Y0ZG2,5,[0. 0. 5. 0. 0. 0. 0. 0. 0. 0.],0.5
A25DGSQA3AN7H5,B0012Y0ZG2,5,[0. 0. 5. 0. 0. 0. 0. 0. 0. 0.],0.4968750405220063
A17B1H60A6A96P,B0012Y0ZG2,5,[1.875 2.5   2.5   2.5   2.5   2.5   2.5   2.5   2.5   2.5  ],0.5218613859323257
AIG1G1AKH7JVB,B0012Y0ZG2,5,[0.   0.   0.   3.25 0.   0.   0.   0.   0.   0.  ],0.5
A1LJIF7G9T0PTW,B0012Y0ZG2,5,[0.   0.   0.   0.   0.   0.   0.   0.   3.25 0.  ],0.49687489855462563
A2ZZ75UB8VK31U,B0012Y0ZG2,5,[0. 0. 0. 0. 0. 0. 0. 0. 0. 5.],0.4968749655154768
A2AET552WMN8LZ,B0012Y0ZG2,5,[2.75  2.75  4.125 2.75  4.125 4.125 4.125 5.    5.    5.   ],0.49687503556805307
A2KV46HMWY1YWB,B0012Y0ZG2,5,[0.   0.   3.25 0.   0.   0.   0.   0.   0.   0.  ],0.506249783926678
A2XDLY3PL0CGBD,B0012Y0ZG2,5,[0.   0.   0.   0.   0.   0.   0.75 0.   0.   0.  ],0.5
A2L5BRKS3Q0J0D,B0012Y0ZG2,5,[0. 0. 0. 0. 0. 0. 0. 0. 0. 0.],0.4968750623513952
A3RTXSWBBPBU15,B0012Y0ZG2,5,[0. 5. 0. 0. 0. 0. 0. 0. 0. 5.],0.5
A1PWYEL1R4LMAQ,B0012Y0ZG2,5,[0. 0. 0. 0. 0. 0. 0. 0. 0. 0.],0.5124962304683548
A3KXVT8LE6X9LR,B0012Y0ZG2,5,[0. 0. 0. 0. 0. 0. 0. 0. 0. 0.],0.5
A1GO71H0UB95WN,B0012Y0ZG2,5,[0. 0. 0. 0. 0. 0. 0. 5. 0. 0.],0.5
A2GOEDQ35EBF1R,B0012Y0ZG2,5,[0. 0. 5. 0. 0. 0. 0. 0. 0. 0.],0.49687497216511395
A1HK1OQ6LRT0AX,B0012Y0ZG2,5,[0.   0.   0.   0.   3.25 0.   0.   3.25 0.   0.  ],0.5
A3UIVN10P30BE2,B0012Y0ZG2,5,[0. 0. 5. 0. 0. 0. 0. 0. 0. 5.],0.5
A18KOO6VMJJ70S,B0012Y0ZG2,5,[0. 0. 0. 0. 0. 0. 0. 5. 0. 0.],0.5
AGREG8QB61C85,B0012Y0ZG2,5,[0. 5. 0. 0. 0. 0. 0. 0. 0. 0.],0.49687493010693445
A2EAXA5O0FMMNV,B0012Y0ZG2,5,[0. 0. 0. 0. 0. 0. 0. 0. 5. 0.],0.5
A2HT5WENL8E5S6,B0012Y0ZG2,5,[ 0.     0.    -4.875  0.     0.     0.     0.     0.     0.     0.   ],0.5
A1SMX2GYS61UT,B0012Y0ZG2,5,[0.  3.5 0.  0.  0.  0.  0.  0.  0.  0. ],0.49687492811437584
A3KHIT48AYHC0L,B0012Y0ZG2,4,[0.   0.   0.   0.   0.   3.25 0.   0.   0.   0.  ],0.5
A2CPG6CY3NAYMU,B0012Y0ZG2,5,[0. 0. 0. 0. 0. 0. 0. 5. 0. 0.],0.4968749933430346
A1AFK6DIZFYQ2V,B0012Y0ZG2,5,[0. 0. 0. 0. 0. 5. 0. 0. 0. 0.],0.4968750998632696
A3O3TL3ILJPNDJ,B0012Y0ZG2,5,[0. 0. 0. 0. 5. 0. 0. 0. 0. 0.],0.4968750292164691
ARFFWJFJWCAGE,B0012Y0ZG2,5,[0.    0.    0.125 0.125 0.    0.125 0.125 0.125 0.125 0.125],0.4968748933575928
A1WMNCCFKM2A4Z,B0012Y0ZG2,5,[1.875 2.5   2.5   2.5   2.5   2.5   2.5   2.5   2.5   2.5  ],0.4968750383242596
A2ABCUIYJETG6Q,B0012Y0ZG2,5,[0. 0. 0. 0. 5. 0. 0. 0. 5. 0.],0.49687497661689584
A3AF038W92E3I,B0012Y0ZG2,5,[0. 5. 0. 0. 0. 0. 0. 0. 0. 0.],0.4968749709180439
A3Q5NCX0Y43DG1,B0012Y0ZG2,5,[0. 0. 0. 0. 0. 0. 0. 0. 0. 0.],0.5
A1F1B2NU2TQAJV,B0012Y0ZG2,5,[0. 0. 5. 0. 0. 0. 0. 0. 0. 0.],0.49687482898440755
A21VGLAQKA6UXO,B0012Y0ZG2,5,[0.   0.   0.   0.   0.   0.75 0.   0.   0.   0.  ],0.5
A1N3KXBQ1A53IP,B0012Y0ZG2,5,[0. 0. 5. 0. 0. 0. 0. 0. 0. 0.],0.49687490421655617
A2SVOLKLGI7DVQ,B0012Y0ZG2,5,[0.    0.    0.    0.    0.    0.    0.    0.    3.125 3.125],0.49687484012235006
A36FFM5OUBWGOL,B0012Y0ZG2,5,[0.    0.    0.    0.    0.    0.    0.    2.125 0.    0.   ],0.49687491993720556
AIF4UQ6O6UZZF,B0012Y0ZG2,5,[0. 0. 0. 0. 0. 0. 0. 0. 0. 0.],0.4968750129372276
A3ESPH5CN0GMIJ,B0012Y0ZG2,5,[0. 0. 5. 0. 0. 0. 0. 0. 0. 0.],0.5031248415221653
A3C46GBHLVSOEW,B0012Y0ZG2,5,[0.   0.   0.   0.   2.75 0.   0.   0.   0.   0.  ],0.4968749334041178
A23JI9AN3N4GFK,B0012Y0ZG2,5,[0.    0.    0.    0.    0.    0.    0.    4.875 0.    0.   ],0.5
A1LCFO492L6K6G,B0012Y0ZG2,5,[0. 0. 0. 0. 0. 5. 0. 0. 0. 5.],0.5
A37QK0QF18JXDO,B0012Y0ZG2,5,[0. 0. 5. 0. 0. 0. 0. 0. 0. 0.],0.4968751141305425
A3JJ3GK8Q39TDE,B0012Y0ZG2,5,[3.125 3.5   3.5   3.5   3.5   3.5   3.5   3.5   3.5   3.5  ],0.4968750307099808
A3HIEBXDI9EQA6,B0012Y0ZG2,5,[-0.25 -0.25 -0.25 -0.25 -0.5  -0.5  -0.25 -0.25 -0.25 -0.25],0.49687506457001523
A36EEWU8U97ZSX,B0012Y0ZG2,5,[0.    0.    0.    0.    0.    4.125 0.    0.    0.    0.   ],0.49687499039983
A1YMRBCFZ6C62E,B0012Y0ZG2,5,[ 0.    0.    0.    0.    0.    0.    0.    0.   -0.25  0.  ],0.4968749142750388
A2ZZ75UB8VK31U,B0012Y0ZG2,5,[0. 0. 0. 0. 0. 0. 0. 0. 0. 5.],0.4968749655154768
A23ALLEUZQKAR1,B0012Y0ZG2,5,[2.125 2.125 3.875 2.125 3.875 3.875 2.125 3.875 3.875 3.875],0.515618600184761
A324WQKVD3TLLQ,B0012Y0ZG2,5,[0. 0. 0. 0. 0. 5. 0. 0. 0. 0.],0.5
A17ZAS11CK1HG8,B0012Y0ZG2,5,[0.    0.    4.    0.    0.    0.    0.    3.875 0.    4.   ],0.49687496445383794
AGER9YK3VDQMV,B0012Y0ZG2,5,[0. 0. 0. 0. 0. 0. 0. 5. 0. 0.],0.49687490512933136
A2M0OIN5678XKQ,B0012Y0ZG2,5,[0. 0. 5. 5. 0. 0. 0. 0. 0. 0.],0.5
A2F7429CLFVV3T,B0012Y0ZG2,5,[-0.75  -0.75  -0.75  -1.125 -0.75  -1.125 -0.75  -0.75  -0.75  -0.75 ],0.4968749893195678
A37XI9VKWZWZKO,B0012Y0ZG2,5,[0. 0. 0. 0. 0. 5. 0. 0. 0. 0.],0.49687500926841127
A1JR5CZCFXPQMC,B0012Y0ZG2,5,[0. 0. 0. 0. 0. 0. 0. 0. 0. 5.],0.5
A19BNMVUQDMFGK,B0012Y0ZG2,5,[0. 0. 0. 0. 0. 0. 5. 0. 0. 0.],0.5
A2LY3LPGRERLPW,B0012Y0ZG2,5,[0. 0. 0. 0. 0. 0. 0. 5. 5. 5.],0.5
A1PC83477QHU77,B0012Y0ZG2,5,[2.375 3.5   2.875 2.875 2.875 2.875 2.875 2.875 3.5   3.5  ],0.5
AH89QE41D1PRP,B0012Y0ZG2,5,[0.    0.    0.    0.    0.    0.    0.    0.    0.    4.125],0.5
AHQ9P60N6NOAH,B0012Y0ZG2,5,[0. 0. 0. 0. 0. 0. 0. 0. 0. 0.],0.49687496363428385
A36JEYR65W1LTO,B0012Y0ZG2,5,[0. 0. 0. 0. 0. 5. 0. 0. 0. 0.],0.4968749786468469
AAJSS6CLCYC0M,B0012Y0ZG2,5,[0.  0.  0.  0.  0.  0.  0.  0.  0.  4.5],0.5
A28G6HAG3I755Y,B0012Y0ZG2,5,[0. 0. 0. 0. 0. 0. 0. 0. 0. 0.],0.4968749895430425
A1OZSH4XVMZO5N,B0012Y0ZG2,5,[0.    0.    0.    0.    0.625 0.    0.    0.    0.    0.   ],0.49687493522921566
A18KOO6VMJJ70S,B0012Y0ZG2,5,[0. 0. 0. 0. 0. 0. 0. 5. 0. 0.],0.5
A36EEWU8U97ZSX,B0012Y0ZG2,5,[0.    0.    0.    0.    0.    4.125 0.    0.    0.    0.   ],0.49687499039983
AMXYXIWW74J4,B0012Y0ZG2,5,[0.   0.   0.   0.   1.25 0.   0.   0.   0.   0.  ],0.49687492612155504
A3INQL95YAY6OW,B0012Y0ZG2,5,[1. 1. 1. 1. 1. 1. 3. 1. 2. 1.],0.49687500811481033
AH5IPOPDVNJMW,B0012Y0ZG2,5,[0. 0. 0. 0. 5. 0. 0. 0. 0. 0.],0.496874964956791
APN3J5IUV91MV,B0012Y0ZG2,5,[0.   0.25 0.   0.   0.   0.   0.   0.   0.   0.  ],0.5249804627728545
A257PM313YL6AY,B0012Y0ZG2,5,[0. 0. 0. 5. 5. 0. 0. 0. 0. 0.],0.49687486163688616
A3AF038W92E3I,B0012Y0ZG2,5,[0. 5. 0. 0. 0. 0. 0. 0. 0. 0.],0.4968749709180439
A1TEIICSK5IK0V,B0012Y0ZG2,5,[0.    0.    4.375 0.    0.    0.    0.    0.    0.    0.   ],0.5
A10ZJZNO4DAVB,B0012Y0ZG2,5,[0. 0. 0. 0. 0. 0. 0. 0. 0. 0.],0.5031229804731328
A1GVTXX0S7ANZ8,B0012Y0ZG2,5,[0. 0. 5. 0. 0. 0. 0. 0. 0. 0.],0.49687500172447796
ANUDL8U5MQSPX,B0012Y0ZG2,5,[0. 0. 0. 0. 2. 0. 0. 0. 0. 0.],0.5031249264545846
A2VABJ7S3OTH4K,B0012Y0ZG2,5,[0. 0. 0. 5. 0. 0. 0. 5. 0. 0.],0.5
AE7U89M0RXP0W,B0012Y0ZG2,5,[0. 0. 0. 0. 0. 0. 0. 0. 0. 0.],0.4968750056358746
A2CQEI5EQ0DA8Z,B0012Y0ZG2,5,[0.    0.    0.    0.    0.    0.    0.    0.625 0.    0.   ],0.49687490710379645
AZD3ON9ZMEGL6,B0012Y0ZG2,5,[0. 0. 0. 0. 0. 0. 0. 0. 0. 5.],0.4968748756062174
A7LAYX9R7IMOO,B0012Y0ZG2,5,[0. 0. 0. 0. 0. 0. 0. 0. 0. 0.],0.4968749467217554
A3HLLKGK6GTUPF,B0012Y0ZG2,5,[0. 0. 0. 0. 5. 0. 0. 0. 0. 5.],0.49687500861681544
AL4R7S0YP7MJR,B0012Y0ZG2,5,[ 0.     0.    -0.875  0.     0.     0.     0.     0.     0.     0.   ],0.5
A3ENINL71K542C,B0012Y0ZG2,5,[0.   0.   0.   0.   0.   0.   0.   2.75 0.   0.  ],0.4937504890164804
A3JQUR31CLU4VK,B0012Y0ZG2,1,[0.  0.  0.  0.  0.  0.  0.  0.  0.  0.5],0.49687487692850985
A24NTDGOS70ZA9,B0012Y0ZG2,5,[5. 5. 5. 5. 5. 5. 5. 5. 5. 5.],0.49687507585506574
A2RH42TOQUF3LQ,B0012Y0ZG2,5,[0. 0. 0. 0. 0. 0. 0. 0. 5. 0.],0.496874961623539
AGRLW94043OXP,B0012Y0ZG2,5,[0.   0.   2.75 0.   0.   0.   0.   0.   0.   0.  ],0.496874974269844
A3JXCMOICECC61,B0012Y0ZG2,5,[0. 0. 0. 0. 5. 0. 0. 0. 0. 0.],0.49687494765327356
A3J034YH7UG4KT,B0013NB7DW,1,[ 0.     0.     0.     0.     0.     0.     0.    -0.375  0.     0.   ],0.5
A1F4BVHEE78OVF,B0013NB7DW,4,[-1.375 -0.125 -0.125 -1.375 -0.125 -1.375 -1.375 -0.125 -0.125 -0.125],0.5
A2EM4MVIU5Z0KD,B0013NB7DW,5,[2. 2. 2. 2. 2. 2. 2. 2. 2. 2.],0.4968749613806951
AUAC7GPINCR54,B0013NB7DW,5,[ 0. -5.  0.  0.  0.  0.  0.  0.  0.  0.],0.5
A2EM4MVIU5Z0KD,B0013NB7DW,5,[0. 5. 0. 0. 0. 0. 0. 0. 0. 0.],0.5
A3CIUOJXQ5VDQ2,B0013NB7DW,5,[-0.25  -0.125 -0.125 -0.25  -0.125 -0.125 -0.125 -0.125 -0.125 -0.125],0.5
A2Z54QPJOS4TQA,B0014SQQ3M,5,[0.   0.   0.   0.   0.   0.   0.   0.   2.75 0.  ],0.5062495748624608
A2USMIT2CSA08,B00155Z6V2,5,[0.  0.  0.  0.  0.  0.  0.  0.  2.5 0. ],0.5
AKMEY1BSHSDG7,B001E96LUO,5,[0. 0. 0. 0. 0. 0. 5. 5. 0. 5.],0.5031248519340277
A2503LT8PZIHAD,B001E96LUO,4,[0. 0. 0. 0. 0. 0. 0. 5. 0. 0.],0.4968749329198315
A22CW0ZHY3NJH8,B001ET7FZE,4,[0. 5. 0. 0. 0. 0. 0. 0. 0. 0.],0.5
AYNTULRNAIPNY,B001ET7FZE,5,[0.  0.  0.  0.  0.  0.  0.  0.  3.5 0. ],0.5
A3NM1MT3Q2FHXV,B001LNODUS,5,[0. 5. 5. 0. 0. 0. 0. 0. 0. 0.],0.5124974392177485
A1SRZ1S3FJPU1D,B001OHV1H4,5,[0.   0.   0.   0.   0.   0.   0.   0.   1.75 0.  ],0.5
APV301O2BXWU2,B001OHV1H4,5,[0. 0. 0. 0. 0. 5. 0. 0. 0. 0.],0.4968750817039949
A3LR34UDLT38PG,B001OHV1H4,5,[5. 5. 5. 5. 5. 5. 5. 5. 5. 5.],0.49687495230950496
A1JR5CZCFXPQMC,B001OHV1H4,5,[0. 0. 0. 0. 0. 0. 0. 0. 0. 5.],0.5
A28G6HAG3I755Y,B001OHV1H4,5,[0. 0. 0. 0. 0. 0. 0. 0. 0. 0.],0.4968749895430425
AMYTL79JMGQ6D,B001OHV1H4,5,[0. 0. 0. 0. 0. 0. 0. 0. 0. 2.],0.49687502221328683
A2AET552WMN8LZ,B001OHV1H4,5,[2.75  2.75  4.125 2.75  4.125 4.125 4.125 5.    5.    5.   ],0.49687503556805307
A1T81NJLOGPL3P,B001OHV1H4,5,[0. 0. 0. 0. 0. 0. 0. 0. 0. 0.],0.5062499211141305
A1C3SRDH9HVEI2,B001OHV1H4,4,[0. 0. 0. 0. 0. 0. 0. 0. 0. 3.],0.5
A3C46GBHLVSOEW,B001OHV1H4,5,[0.   0.   0.   0.   2.75 0.   0.   0.   0.   0.  ],0.4968749334041178
A14QBW6X0Q1YSD,B001OHV1H4,5,[0. 0. 0. 0. 0. 0. 5. 0. 0. 0.],0.4968750425338766
A27I10FZD5Y0OA,B001OHV1H4,5,[0.    0.    0.    0.    0.    0.    0.    3.625 0.    3.125],0.49687491546732715
AIX5L58NMGF9Z,B001OHV1H4,5,[0. 0. 5. 0. 0. 0. 0. 0. 0. 0.],0.5
A31URN5S2Q0UJV,B001OHV1H4,5,[0. 0. 0. 0. 0. 0. 0. 0. 0. 5.],0.5
A1CRH843D61QTZ,B001OHV1H4,5,[2. 2. 2. 2. 2. 2. 2. 2. 2. 2.],0.4968750594644842
A13PKMKQ0177SH,B001OHV1H4,5,[ 0.     0.    -1.875  0.     0.     0.     0.     0.     0.     0.   ],0.5
ARI1N006KSXX,B001OHV1H4,5,[0. 0. 5. 0. 0. 0. 0. 0. 0. 0.],0.5
A2GOEDQ35EBF1R,B001OHV1H4,5,[0. 0. 5. 0. 0. 0. 0. 0. 0. 0.],0.49687497216511395
A2RWJPXMBFGCF0,B001OHV1H4,5,[0.   0.   4.75 0.   0.   0.   0.   0.   0.   0.  ],0.5
A1C13KVGOWMI6A,B001OHV1H4,5,[2. 2. 2. 2. 2. 4. 2. 2. 2. 2.],0.5
A2JRCTJU21AJ4X,B001OHV1H4,5,[0.    0.    0.    0.    4.375 0.    0.    2.75  0.    0.   ],0.4968749935851197
ASUIA1YIKZUOO,B001OHV1H4,5,[ 0.    0.   -0.25  0.    0.    0.    0.    0.    0.    0.  ],0.5
AM6VM4AHB7CG4,B001OHV1H4,5,[0. 0. 0. 0. 0. 0. 0. 0. 0. 0.],0.4968750120617681
A15NM9DLEOB4XI,B001OHV1H4,5,[0.    0.    0.    0.    0.    0.125 0.    0.    0.    0.   ],0.49687491406970047
A3IRJA2MBOJ411,B001OHV1H4,5,[5. 0. 5. 0. 0. 0. 0. 0. 0. 0.],0.5
A3SFRT223XXWF7,B001OHV1H4,5,[0. 0. 0. 0. 0. 0. 5. 0. 0. 0.],0.5
A11AZPF8R6A1F8,B001OHV1H4,5,[5. 0. 0. 5. 0. 0. 0. 0. 0. 0.],0.4968749209060061
A33EQHCO5TZIP5,B001OHV1H4,5,[4. 4. 4. 4. 4. 4. 4. 4. 4. 4.],0.49999992549718064
A37XI9VKWZWZKO,B001OHV1H4,5,[0. 0. 0. 0. 0. 5. 0. 0. 0. 0.],0.49687500926841127
A3OCG4F2HKKPD5,B001OHV1H4,5,[0.25 0.25 0.25 0.25 0.25 0.25 0.25 0.25 0.25 0.25],0.49687500707011345
A3E9APU6SYF2SD,B001OHV1H4,5,[ 0.    0.   -0.25  0.    0.    0.    0.    0.    0.   -0.25],0.5
A34OON6ZYATX36,B001OHV1H4,5,[0.    0.    0.    0.    0.    0.    0.    4.125 0.    4.125],0.5
A1F8L7H54H5WFZ,B001OHV1H4,5,[0.    0.    0.    0.    0.    0.    0.    0.    0.    1.375],0.49687485824610317
A2JPQVFMKT94M2,B001OHV1H4,5,[0. 0. 5. 0. 0. 0. 0. 0. 0. 0.],0.5
A125PSVY71Q7KZ,B001OHV1H4,5,[0. 0. 0. 0. 0. 0. 0. 0. 5. 0.],0.49687498293211496
ATEX4XVEQYN7B,B001OHV1H4,5,[-0.25 -0.25 -0.25 -0.25 -0.25 -0.25 -0.25 -0.25 -0.25 -0.25],0.5
A347D5SOZ68PPE,B001OHV1H4,5,[1.  1.5 1.5 1.5 1.5 1.5 2.  1.5 1.5 1.5],0.5156226411229519
A2DHECIMRTJUGE,B001OHV1H4,5,[ 0.    0.    0.   -0.25  0.    0.    0.    0.    0.    0.  ],0.5
A1KEYDA4M5GDSH,B001OHV1H4,5,[0.  2.5 0.  0.  0.  0.  0.  0.  0.  0. ],0.5
A30C827CX52Y3U,B001OHV1H4,5,[0.   0.   0.   0.   0.   2.25 0.   0.   0.   0.  ],0.4968750304085956
A3RMWHVP1CX5J1,B001OHV1H4,5,[0.   0.   0.   0.   0.   0.   0.   3.25 0.   0.  ],0.49687490626592956
A1JDBXPK20HBUW,B001OHV1H4,5,[ 0.  0. -5.  0.  0.  0.  0.  0.  0. -5.],0.49687489980220706
A181EKCGC3RGHL,B001OHV1H4,5,[0. 0. 0. 0. 0. 0. 0. 5. 0. 0.],0.4968749852593733
A31W4OHQPNCNKY,B001OHV1H4,5,[ 0.  0. -5.  0.  0.  0.  0.  0.  0.  0.],0.5
A1L0QECT7J93ZP,B001OHV1H4,5,[0. 2. 0. 0. 0. 0. 0. 0. 0. 0.],0.49687504903441415
AYY463Q7V3LTU,B001OHV1H4,5,[0.   0.   0.   0.   0.   3.75 0.   0.   0.   0.  ],0.5124973867980721
A19KLUZ1XD3SRN,B002GP80EU,4,[0.    0.    0.    0.    0.    0.    0.    1.875 4.125 0.   ],0.5
A3SFRT223XXWF7,B004CALFE4,5,[0. 0. 0. 0. 0. 0. 5. 0. 0. 0.],0.5
A2EIK3QR1822Q4,B004KEJ65C,4,[0. 0. 0. 0. 0. 0. 0. 0. 0. 5.],0.49375053886021675
A2UOHALGF2X77Q,B008YQM4A6,4,[0.    0.    0.    0.    0.    0.    0.    0.875 0.    0.   ],0.5
A1R1BFJCMWX0Y3,B008YQM4A6,4,[ 0.    0.   -4.25  0.    0.    0.    0.    0.    0.    0.  ],0.5
AH5KMT72HXKVO,B00AKP21KM,5,[ 0.     0.     0.     0.     0.     0.     0.     0.     0.    -0.625],0.4968750082812262
A1VY8FIKPTP6AZ,B00AKP21KM,5,[0. 0. 0. 0. 0. 0. 0. 0. 5. 0.],0.49687487121060914
A3KL6I6EWV0MF6,B00B9V9ASM,5,[0. 0. 0. 0. 0. 0. 0. 0. 0. 5.],0.49687497823756055
A2068BC3ZXAVJQ,B00DY59MB6,3,[ 0.     0.    -3.875  0.     0.     0.     0.    -1.5   -0.75   0.   ],0.5
A3M6TSEV71537G,B00EYZY6LQ,5,[-1.625  0.     0.25   0.     0.     0.     0.     0.     0.     0.   ],0.5
A1OMMCNMFY7TYH,B00HLXEXDO,5,[0.625 1.875 1.875 1.25  1.25  1.25  1.25  1.875 1.875 1.875],0.49687498810892133
A1SJFQ8VSKZWHF,B00HLXEXDO,5,[ 0.    0.   -0.25  0.    0.    0.    0.    0.    0.    0.  ],0.5
A6CEOJ5ISIGRB,B00JF2GVWK,5,[0.    0.    0.    0.    0.    0.    0.    0.    0.    4.125],0.4968749865633297
A173YMJ9XFVRSY,B00L1I1VMG,5,[0.    1.125 1.5   0.    0.    0.    0.    0.    0.    0.   ],0.5
A3S3R88HA0HZG3,B00L1I1VMG,4,[0. 0. 5. 0. 0. 0. 0. 0. 0. 0.],0.5
A2YKWYC3WQJX5J,B00L1I1VMG,5,[0.    0.    0.    1.875 0.    0.    0.    0.    0.    0.   ],0.5
A3NFELIADJMJKJ,B00MTR49IG,5,[0.    1.375 0.    0.    0.    0.    0.    0.    0.    1.375],0.4968750928598931
A3M6TSEV71537G,B00N2WQ2IW,4,[ 0.  0. -5.  0.  0.  0.  0.  0.  0.  0.],0.5
A2JCJJNY43QQIV,B00NT0AR7E,5,[ 0.     0.    -4.125  0.     0.     0.     0.     0.     0.     0.   ],0.5
A1TRRL3F84BJNJ,B00RZYW4RG,5,[0.    0.    0.    0.    4.625 0.    0.    0.    5.    0.   ],0.4968749190245016
AXQAIG2XT292S,B00RZYW4RG,5,[ 0.    -0.625  0.     0.     0.     0.     0.     0.     0.     0.   ],0.5
A3DLYCA3TUHOZM,B00RZYW4RG,5,[0.   0.   0.   0.   0.   0.   2.75 0.   0.   0.  ],0.5
A313XPHJ3L9OPW,B00UWB35UY,5,[ 0.     0.    -1.125  0.     0.     0.     0.     0.     0.     0.   ],0.5093735705568521
A25C2M3QF9G7OQ,B00W259T7G,5,[0. 0. 5. 0. 0. 0. 0. 0. 0. 0.],0.5
A3NFZN1GS1RKR9,B00W259T7G,5,[0.   0.   0.   4.25 0.   0.   0.   0.   0.   0.  ],0.4968750749235187
A3FMPT5IH0CJ50,B00W259T7G,5,[ 0.     0.    -0.375  0.     0.     0.     0.     0.     0.     0.   ],0.5
A33PVCHCQ2BTN0,B00W259T7G,5,[0.    0.    2.25  0.    0.    0.    0.    0.    3.125 0.   ],0.5
A3TMBYDFP1B9DM,B00W259T7G,5,[0. 0. 5. 0. 0. 5. 0. 0. 0. 0.],0.5
A1GTSEGAXWRSO8,B00W259T7G,5,[0. 5. 0. 0. 0. 0. 0. 5. 0. 0.],0.5
A3NFZN1GS1RKR9,B00W259T7G,5,[0.   0.   0.   4.25 0.   0.   0.   0.   0.   0.  ],0.4968750749235187
A5BJMAHZWGJ7N,B00W259T7G,5,[0. 0. 5. 0. 0. 0. 0. 0. 0. 0.],0.4968750367237687
AJPLUGSVMH21V,B00W259T7G,5,[2.75 2.75 2.75 2.75 2.75 2.75 2.75 2.75 2.75 2.75],0.4968749300141958
A3DM0G5K3O9FAI,B00W259T7G,5,[0. 0. 0. 5. 0. 0. 0. 5. 0. 0.],0.5
A2WW57XX2UVLM6,B00W259T7G,5,[0. 0. 5. 0. 0. 0. 0. 5. 0. 0.],0.5
A1F4BVHEE78OVF,B00W259T7G,3,[ 0.  0. -1.  0.  0.  0.  0.  0.  0.  0.],0.5
ALNFHVS3SC4FV,B00W259T7G,5,[0. 0. 2. 0. 0. 0. 0. 0. 0. 0.],0.5
A1EGCED01USBA9,B00W259T7G,4,[ 0.     0.     0.     0.     0.    -4.125  0.     0.     0.     0.   ],0.5
A173YMJ9XFVRSY,B00W259T7G,5,[0.   0.   0.   0.   0.   0.   0.   1.25 0.   0.  ],0.4968749744006164
A1XCVKQ7EUU8TS,B019809F9Y,5,[0.   0.   0.   0.   0.   0.   0.   0.   0.   2.25],0.4968750254912437
A3VLTT45T236B,B019809F9Y,5,[0. 0. 0. 5. 0. 0. 5. 0. 0. 0.],0.5
A28N2AWOVO2PB,B019FWRG3C,4,[0. 0. 0. 0. 0. 0. 0. 0. 5. 0.],0.4968749784609098
A3NM1MT3Q2FHXV,B019FWRG3C,5,[0. 5. 5. 0. 0. 0. 0. 0. 0. 0.],0.5124974392177485
A1MDYWL5DLS9SS,B019LAI4HU,5,[0. 0. 5. 0. 0. 0. 0. 0. 0. 0.],0.49687513649964243
A11QGZ39A7ZF0X,B01DLR9IDI,5,[0. 0. 0. 0. 5. 0. 0. 0. 0. 0.],0.49687498514743045
A2LW5AL0KQ9P1M,B01E7UKR38,5,[0. 0. 0. 5. 0. 0. 0. 0. 0. 0.],0.5
AKMEY1BSHSDG7,B01E7UKR38,5,[0. 0. 0. 0. 0. 0. 0. 0. 5. 0.],0.5
